institution,n_events,city,state_region,country,notes
Columbia,31,New York,N. Y,USA,"auto: 1 mailing address(es), unanimous"
Cornell,31,Ithaca,N. Y,USA,"auto: 2 mailing address(es), unanimous"
Illinois,30,Urbana,Ill,USA,"auto: 2 mailing address(es), unanimous"
Chicago,28,,,,
Hopkins,26,Baltimore,Md,USA,"auto: 1 mailing address(es), unanimous"
Michigan,24,Ann Arbor,Mich,USA,"auto: 1 mailing address(es), unanimous"
Wisconsin,24,Madison,Wis,USA,"auto: 1 mailing address(es), unanimous"
Kansas,19,Lawrence,Kans,USA,"auto: 1 mailing address(es), unanimous"
Harvard,18,,,,
Minnesota,18,Minneapolis,Minn,USA,"auto: 3 mailing address(es), unanimous"
Stanford,17,,,,
Yale,16,New Haven,Conn.,USA,
Pennsylvania,13,Philadelphia,Pa,USA,"auto: 3 mailing address(es), unanimous"
Pa. State,12,,,,
Ohio State,11,Columbus,Ohio,USA,"auto: 1 mailing address(es), unanimous"
U. S. Dept. Agr,11,,,,
North Carolina,10,Chapel Hill,N. C,USA,"auto: 1 mailing address(es), unanimous"
Northwestern,10,,,,
Princeton,10,,,,
California,9,Pasadena,Calif,USA,auto: 2 of 3 mailing addresses
Cincinnati,9,,,,
Nebraska,9,Omaha,Nebr,USA,"auto: 1 mailing address(es), unanimous"
Toronto,9,,,,
Vassar,9,Poughkeepsie,N. Y,USA,"auto: 1 mailing address(es), unanimous"
Mass. Inst. Tech,8,,,,
Oxford,8,,,,
Purdue,8,,,,
Western Reserve,8,,,,
Iowa Col,7,,,,
Missouri,7,,,,
Pittsburgh,7,,,,
Bur. Standards,6,,,,
Dartmouth,6,Hanover,N. H,USA,"auto: 1 mailing address(es), unanimous"
U. S. Geol. Surv,6,,,,
Exp. Sta,5,,,,
Ga. State Col. for Women,5,,,,
Iowa,5,,,,
Washington (Seattle),5,,,,
A.A.,4,,,,
Dalhousie,4,Halifax,N. S,Canada,"auto: 1 mailing address(es), unanimous"
Denison,4,,,,
Harvard Med. Sch,4,,,,
Ill. Exp. Sta,4,,,,
Indiana,4,,,,
Marquette,4,,,,
Miss. Agr. and Mech. Col,4,,,,
Rutgers,4,,,,
Scio Col,4,,,,
Virginia,4,Charlottesville,Va,USA,"auto: 1 mailing address(es), unanimous"
Zurich,4,,,,
Alabama,3,,,,
Amherst,3,,,,
Ark. Exp. Sta.,3,,,,
Berlin,3,,,,
Carnegie Institution,3,,,,
Colorado,3,,,,
Drake,3,,,,
Idaho,3,,,,
Ill. Col,3,,,,
Iowa Col.,3,,,,
Louisiana,3,,,,
McGill,3,,,,
McMaster,3,,,,
Mich. State Col,3,,,,
Minn. Acad. Med.,3,,,,
North Dakota,3,,,,
Oklahoma,3,,,,
Radcliffe,3,,,,
Tulane,3,,,,
U. S. Coast and Geod. Surv,3,,,,
Union,3,,,,
Utrecht,3,,,,
Va. Mil. Inst,3,,,,
West Virginia,3,,,,
Wis. Geol. Surv,3,,,,
'Kans. Univ. Science Bul',2,,,,
"A.A., B",2,,,,
Acker Process Co.,2,,,,
Ala. Polytech,2,,,,
Ass. Anat; Anthrop. Ass.,2,,,,
Brown,2,Providence,R.I.,USA,example — fill only when confident
Bur. Fisheries,2,,,,
Calif. Inst,2,Pasadena,Calif,USA,"auto: 2 mailing address(es), unanimous"
Ceramic Soc.,2,,,,
Colo,2,,,,
Conn,2,,,,
Cotner,2,,,,
E. Miss. Female Col,2,,,,
Earlham,2,,,,
Elec. Eng.,2,,,,
Empire Gas and Fuel Co,2,,,,
Fed. hort. board,2,,,,
Florida,2,Gainesville,Fla,USA,"auto: 1 mailing address(es), unanimous"
Geophys. Union,2,,,,
Haverford,2,,,,
Ind. Cent. Col,2,,,,
Int. Correspondence Schools,2,,,,
Iowa Exp. Sta,2,,,,
K. T. and Co,2,,,,
Lehigh,2,,,,
London,2,,,,
Maine,2,,,,
"Marland Oil Co, Calif",2,,,,
Mass. Col,2,,,,
Mellon Inst,2,Pittsburgh,Pa,USA,"auto: 2 mailing address(es), unanimous"
Miami,2,,,,
Midwest Ref. Co,2,,,,
N. J. Exp. Sta,2,,,,
N. Y. Univ,2,,,,
Nat. Research Council,2,,,,
New York,2,,,,
Newcomb Col,2,,,,
Norton Co,2,Worcester,Mass,USA,"auto: 1 mailing address(es), unanimous"
Ohio Acad.,2,,,,
Okla. Col,2,,,,
Pa. Ry,2,,,,
Pharmaceut. Ass,2,,,,
Philippines,2,,,,
Rochester,2,Rochester,N. Y,USA,"auto: 1 mailing address(es), unanimous"
"Rush Med. Col, Chicago",2,,,,
South. Cotton Oil Co,2,,,,
St. John's (Md),2,,,,
St. Thomas Hosp,2,,,,
Texas,2,,,,
Trinity,2,,,,
U. S. Bur. Mines,2,,,,
U. S. Dept. Agr.,2,,,,
U.S.A.,2,,,,
Washburn,2,,,,
Washington (St. Louis),2,,,,
"high sch, Mo",2,,,,
"A.S, U. S. Field Artil",1,,,,
Acad. Ophthal. and Oto-Laryngol.,1,,,,
Academy,1,,,,
Ala. Geol. Surv,1,,,,
Albany Hosp,1,,,,
"Albany Med. Col, Union",1,,,,
Albion,1,,,,
Allis-Chalmers Co,1,,,,
Am. Inst. Actuaries,1,,,,
"Am. Med. Ass. (pres., sect. oto-laryngol., 19)",1,,,,
Am. Naturalist,1,,,,
Am. Pharmaceut. Ass,1,,,,
Am. Writing Paper Co,1,,,,
Ampere Electrochem. Co.,1,,,,
Antioch,1,,,,
Ariz,1,,,,
Asheville Sch,1,,,,
Ass. Am. Med. Col,1,,,,
Ass. Col. Pharm.,1,,,,
"Associated Charities, Minneapolis, Minn",1,,,,
"Battle Ground Acad, Franklin, Tenn",1,,,,
Battle Lab. Corp,1,,,,
"Bauer and Clark, Okla",1,,,,
Bausch and Lomb Optical Co,1,Rochester,N. Y,USA,"auto: 1 mailing address(es), unanimous"
Baylor Col. for Women,1,,,,
Bell Telephone Laboratories,1,,,,
Bellevue and Mt. Sinai hospitals,1,,,,
Benguet Igorots,1,,,,
"Berkeley Divinity Sch, Middletown, Conn",1,,,,
Bethany (Kans),1,,,,
Bethel,1,,,,
Biltmore Herbarium,1,,,,
"Biol. surv, Colo",1,,,,
"Board Educ, Cleveland",1,,,,
Bologna,1,,,,
Bonn,1,,,,
"Boone Brick, Tile and Paving Co",1,,,,
Boston,1,,,,
Boston Chamber of Commerce,1,,,,
Boston University School of Medicine,1,Boston,Mass,USA,"auto: 1 mailing address(es), unanimous"
Breslau,1,,,,
"Brooklyn, N. Y",1,,,,
Brussels,1,,,,
Bullock Elec. Mfg. Co,1,,,,
"Bur. Chem., U. S. Dept. Agr.",1,,,,
"Bur. Plant Indust, U. S. Dept. Agr",1,,,,
Burns Bros. Coal Co,1,,,,
C. B. and Q. Ry,1,,,,
C.Eng,1,,,,
"C.Eng., U.S.A.",1,,,,
C.W.S.,1,,,,
Calif. Gas and Elec. Corp,1,,,,
Calif. Inst.,1,Pasadena,Calif,USA,"auto: 2 mailing address(es), unanimous"
"Cent. High Sch, Phila",1,,,,
Cent. States Eng. Co.,1,,,,
Chem. Soc,1,,,,
Chicago Manual Training High Sch,1,,,,
Chicago Oto-Laryngol. Soc.,1,,,,
Chicago and Northwest. Ry.,1,,,,
Chicora Col,1,,,,
Cincinnati Law Sch,1,,,,
Civil Eng.,1,,,,
Clark,1,,,,
Clifton Springs Sanitarium,1,Clifton Springs,N. Y,USA,"auto: 1 mailing address(es), unanimous"
Col. City of N. Y,1,,,,
"Col. geol, Colby",1,,,,
Colgate,1,,,,
Colo. Sch. Mines,1,,,,
Colo. State Oil Lab,1,,,,
Combustion Utilities Corp,1,,,,
Communipaw Coal Co,1,,,,
Cook Co. Hosp.,1,,,,
Corning Glass Works,1,Corning,N. Y,USA,"auto: 1 mailing address(es), unanimous"
De Veaux Acad,1,,,,
Deep Waterway Commission,1,,,,
Denver Inst. Tech,1,,,,
Dixie Oil Co,1,,,,
"Du Pont Eng. Co, Tenn",1,,,,
E. I. du Pont de Nemours and Co,1,,,,
Econ. Geol,1,,,,
Electro Metal. Co. and Union Carbide Co.,1,,,,
Elisha Mitchell Sci. Soc.,1,,,,
"Eng. Exp. Sta, Iowa",1,,,,
Eng. Sch. Application,1,,,,
Fairmount,1,,,,
Fed. Hort. Board,1,,,,
Firestone Tire and Rubber Co,1,,,,
"Flo.-Ga. Tobacco Growers Ass. and research work, Am. Sumatra and Wedeles Tobacco Companies",1,,,,
Franklin and Marshall,1,,,,
Gas W. S.,1,,,,
Georgia,1,,,,
"Grand Canal, China",1,,,,
H. Zering Mfg. Co,1,,,,
"Halstead Hosp, Kans",1,,,,
Hamilton,1,,,,
Harvard Med. Sch.,1,,,,
Hennepin County Pub. Health Ass.,1,,,,
Hopkins Hosp,1,,,,
Hopkins Hosp.,1,,,,
Horol. Inst,1,,,,
"Huntington Fund for Cancer Research, Loomis Lab",1,,,,
Illum. Eng. Soc,1,,,,
Ind. State Nor. Sch,1,,,,
Int. Ass. Academies,1,,,,
Int. Cong. Agr. Liége,1,,,,
Int. Geophys. Union,1,,,,
Int. Meteor. Conf,1,,,,
Iowa State Teachers Col,1,,,,
"Java, Burma, India and Egypt",1,,,,
Jour. Chem. Educ.,1,,,,
Kalamazoo Col,1,,,,
Kans. Geol. Surv,1,,,,
Kentucky,1,,,,
"King's Col, London",1,,,,
La. Exp. Sta,1,,,,
La. Sch. of Sugar,1,,,,
Lafayette,1,,,,
Lakeside Hosp.,1,Cleveland,Ohio,USA,"auto: 1 mailing address(es), unanimous"
"Laryngol., Rhinol. and Otol. Soc.",1,,,,
"Leiden, Holland",1,,,,
Life Exten. Inst,1,,,,
Lippincott Co,1,,,,
London Zool. Soc.,1,,,,
Louisville,1,,,,
Lowthorpe Hort. Sch,1,,,,
Lund and Copenhagen,1,,,,
M.C,1,,,,
M.E. Va. Polytech,1,,,,
M.R.C.,1,,,,
"Magdalen, Oxford",1,,,,
Manchester,1,,,,
Mass. Exp. Sta,1,,,,
Md. Geol. Surv,1,,,,
Meridian Col,1,,,,
Midwest Explor. Co,1,Amarillo,Texas,USA,"auto: 1 mailing address(es), unanimous"
Milwaukee-Downer,1,Milwaukee,Wis,USA,"auto: 1 mailing address(es), unanimous"
Minn,1,Minneapolis,Minn,USA,"auto: 3 mailing address(es), unanimous"
"Montefiore Hosp, New York",1,,,,
"Mosso Inst, Monte Rosa",1,,,,
Mt. Allison,1,,,,
"Mt. Sinai Hosp, New York",1,,,,
Mt. Union,1,,,,
N. C. Exp. Sta,1,,,,
N. C. Pharm. Ass.,1,,,,
N. C. State,1,,,,
N. C. State Board Health,1,,,,
N. Dak. Col,1,,,,
N. H,1,,,,
"N. Y. State Col. Agr., Cornell",1,,,,
N. Y. Zool. Park,1,,,,
N. Y. Zool. Soc,1,,,,
N. Y. and Brooklyn Bridge,1,,,,
Nat. Geog. Soc. exped. Alaska,1,,,,
Nat. Screw Thread Commission,1,,,,
Nebraska State Nor. Sch,1,,,,
Nernst Lamp Co,1,,,,
Neues Jahrbuch,1,,,,
New Hampshire,1,Durham,N. H,USA,"auto: 1 mailing address(es), unanimous"
New Haven Hosp.,1,,,,
New Orleans Acad.,1,,,,
Niagara Research Laboratories,1,,,,
Noil Color and Chem. Co,1,,,,
North Chicago Hosp.,1,,,,
"Northeast. Forest Exp. Sta, U. S. Forest Service",1,,,,
Oberlin,1,,,,
"Oerlikon Co, Switzerland",1,,,,
Ohio,1,,,,
Ohio Med. Col,1,,,,
Ohio Pharmaceut. Ass,1,,,,
Ohio Valley Roofing Co.,1,Evansville,Ind,USA,"auto: 1 mailing address(es), unanimous"
Ont. Agr. Col,1,,,,
Oregon,1,,,,
Oregon Col,1,,,,
"Oregon Nor. Sch, Monmouth",1,,,,
Otol. Soc.,1,,,,
Ottawa (Kans),1,,,,
Ottumwa Fuel Co. and Colo. Fuel and Iron Co,1,,,,
P. I,1,,,,
P. R. Irrig. Service,1,,,,
Pa. Geol. Surv,1,,,,
Panama,1,,,,
Panama-Pacific Expos.,1,,,,
Paris,1,,,,
Parsons,1,,,,
Penn (Iowa),1,,,,
Peter Bent Brigham Hosp.,1,,,,
Petrol. Inst,1,,,,
Phila. Col. Pharmacy,1,,,,
Philippine Commission,1,,,,
Plant Disease Surv,1,,,,
"Polytech, Berlin",1,,,,
Poultry Sci. Ass.,1,,,,
"Presb. Hosp, New York",1,,,,
Private study,1,,,,
Puget Sound Marine Sta,1,,,,
Puget Sound Navy Yard,1,,,,
"Railroad Commission, Wis.",1,,,,
Rockefeller Inst,1,New York,N. Y,USA,"auto: 1 mailing address(es), unanimous"
Root fellow,1,,,,
Royal Can. Regiment,1,,,,
Rush Med. Col,1,,,,
S. C. Dept. Agr,1,,,,
Sanit. C,1,,,,
Santo Domingo,1,,,,
"Sch. Med., Yale",1,,,,
Scio,1,,,,
Scovill Mfg. Co,1,,,,
"Sleighton Farm, Darling, Pa",1,,,,
"Smyrna Fitting Sch, Tenn",1,,,,
Soc. Econ. Geol,1,,,,
Soc. Hort. Sci,1,,,,
South Carolina,1,,,,
South Dakota,1,Vermillion,S. Dak,USA,"auto: 1 mailing address(es), unanimous"
South. Chem. Co,1,,,,
"Southwest. State Teachers Col, Okla",1,,,,
St. Louis and Southwest. Ry,1,,,,
Standard Oil Co. of N. Y,1,,,,
State Life Ins. Co.,1,Indianapolis,Ind,USA,"auto: 1 mailing address(es), unanimous"
"State Plant Board, Ark.",1,,,,
Strahlenforschungs Inst,1,,,,
Sunnybrook Tobacco Co,1,,,,
Swarthmore,1,,,,
Syracuse,1,,,,
Syracuse Int. Sewer Board,1,,,,
"Teachers' Assembly, Baguio",1,,,,
Tennessee,1,,,,
Texas Christian,1,,,,
The Hague,1,,,,
Theol. Sem,1,,,,
"Training Sch. for Feebleminded, Vineland, N. J",1,,,,
U. S. Army,1,Washington,D. C,USA,"auto: 1 mailing address(es), unanimous"
U. S. Dept. Min. Surv,1,,,,
U. S. Forest Service,1,,,,
"U. S. Forest Service, Madison",1,,,,
"U. S. Geol. Surv., Mo. and Ark.",1,,,,
U. S. Mil. Acad,1,,,,
U. S. Nat. Museum,1,Washington,D. C,USA,"auto: 1 mailing address(es), unanimous"
U. S. Pharmacopoeia,1,,,,
U. S. Pub. Health Service,1,Washington,D. C,USA,"auto: 1 mailing address(es), unanimous"
U. S. Treas. Dept,1,,,,
Union Central Life Ins. Co,1,Cincinnati,Ohio,USA,"auto: 1 mailing address(es), unanimous"
"Univ. Sch, Cleveland",1,,,,
"Univ. of Kans. paleont. exped, Oregon",1,,,,
Utah,1,Salt Lake City,Utah,USA,"auto: 1 mailing address(es), unanimous"
Va. Polytech,1,,,,
Valparaiso,1,,,,
Vanderbilt,1,,,,
W.I.B,1,,,,
Wabash,1,Crawfordsville,Ind,USA,"auto: 1 mailing address(es), unanimous"
Wadsworth Watch Case Co,1,,,,
Wash,1,,,,
Wash. Col,1,,,,
"Water resources branch, U. S. Geol. Surv.",1,,,,
West Stoneware Co,1,,,,
"West. Boundary Surv, Md",1,,,,
"Westinghouse Elec. and Mfg. Co, Boston",1,,,,
Westinghouse Elec. and Mfg. Co.,1,,,,
Wilson and Co,1,,,,
Woods Hole,1,,,,
Wyo,1,,,,
Wyoming,1,,,,
"Yampa tramway, Bingham, Utah",1,,,,
"schools, Pa.",1,,,,
Inst. Parasitol,0,,,Peru,country printed explicitly in directory
